problem,num_obj,iteration,num_gens,reference_point,iRVEA_R_IGD,iNSGAIII_R_IGD,iRVEA_R_HV,iNSGAIII_R_HV
DTLZ1,3,1,100,[0.         0.67958275 2.71833101],0.565949608299359,0.5634468799595197,8.348729252688443,8.447983325794853
DTLZ1,3,2,100,[0.         0.         1.01941689],0.5518290934594773,0.5518956548865351,8.065831332654556,8.062562424280092
DTLZ1,3,3,100,[0.        1.0066093 0.       ],0.5519396166489489,0.5519143503161622,8.07997469939335,8.060128623037127
DTLZ1,3,4,100,[0.30639683 0.10213228 0.10213228],0.594856786333997,0.59328268642662,8.790615449234602,8.688366992693213
DTLZ1,3,5,100,[0.         0.41553412 0.        ],0.5531564665464619,0.5530988292095168,8.020915152351355,8.031531676197014
DTLZ1,3,6,100,[0.         0.41537467 0.        ],0.5530241516654524,0.553096336534536,8.024015555572483,8.031494883374833
DTLZ1,3,7,100,[0.         0.41372663 0.        ],0.5530294796279457,0.5531520597164121,8.02432442619649,8.02516641195706
DTLZ2,3,1,100,[3.75944491e-33 1.00602549e+00 0.00000000e+00],0.00886489981908381,0.007824119925969894,8.079970731209217,8.06112063644652
DTLZ2,3,2,100,[0.97223583 0.24305896 0.        ],0.06631477367596142,0.0578277060614853,8.282507542960301,8.385980874132326
DTLZ2,3,3,100,[1.00010436 0.         0.        ],0.00886193288260658,0.006580858629969535,8.08005125829417,8.059460676999413
DTLZ2,3,4,100,[3.75027841e-33 0.00000000e+00 1.00007247e+00],0.008876324210455172,0.006454006122331381,8.079856466030268,8.060313831827752
DTLZ2,3,5,100,[0.9702262  0.24255655 0.        ],0.06554823643183497,0.06616713624716765,8.216597808240389,8.23188572650989
DTLZ2,3,6,100,[0.97019249 0.24254812 0.        ],0.0652351989912282,0.06997212578478414,8.21566977604971,8.23083950601375
DTLZ2,3,7,100,[0.97019249 0.24254812 0.        ],0.06531709264224637,0.0668622264085034,8.215889442003183,8.238656645974787
DTLZ3,3,1,100,[2.36582169e-32 3.26695352e+00 4.90043029e+00],0.007271085445582867,0.0321394150311908,8.7694612679471,8.828889622802745
DTLZ3,3,2,100,[0.9709711  0.64731407 0.        ],0.006377978975355113,0.009224116045805647,8.847124213844722,8.772491417543597
DTLZ3,3,3,100,[9.55954610e-33 1.03287537e+00 0.00000000e+00],0.008626089390375624,0.0067444041270183115,8.078948527343925,8.060891385456726
DTLZ3,3,4,100,[1.03069942 0.         0.        ],0.009398828629410274,0.00698080282696546,8.078357746767953,8.058307009283595
DTLZ3,3,5,100,[0.85769701 0.571798   0.        ],0.005876172519253848,0.009319833477086792,8.62790411538066,8.636993931486293
DTLZ3,3,6,100,[0.84053821 0.5603588  0.        ],0.0061048055867773815,0.01080818585761832,8.61988513329728,8.636678971529992
DTLZ3,3,7,100,[0.83351718 0.55567812 0.        ],0.006071810074171172,0.010193659704425265,8.619548639276344,8.634272238078937
DTLZ4,3,1,100,[1.03558503e-20 1.00179047e+00 0.00000000e+00],0.023118565635192673,0.0062210335459862865,7.946809417982356,8.060430065471975
DTLZ4,3,2,100,[3.74998271e-33 3.47690881e-17 1.00015556e+00],0.008795904901760004,0.00661253312564295,8.080415363697485,8.060303891601686
DTLZ4,3,3,100,[1.00089921e+00 1.73062743e-21 0.00000000e+00],0.02319517718039816,0.006953609608239424,7.947703818970073,8.059258669240704
DTLZ4,3,4,100,[0.66741456 0.66741456 0.33370728],0.05125084276286088,0.019739690190335675,8.925154092548121,8.93687848903092
DTLZ4,3,5,100,[0.66698834 0.33349417 0.66698834],0.0511474405815223,0.018843001885660897,8.654500579179135,8.89104897138882
DTLZ4,3,6,100,[0.66670591 0.33335296 0.66670591],0.05091181983359863,0.019793509588488422,8.654922105642815,8.905186768243336
DTLZ4,3,7,100,[0.66670591 0.33335296 0.66670591],0.051821645240396896,0.018638210778298466,8.703411241611773,8.902823971419476
DTLZ1,4,1,100,[0.         0.         3.44815235 2.29876823],0.758938291511182,0.7946406160794062,,
DTLZ1,4,2,100,[0.         0.         0.         2.12918644],0.5588456083805695,0.5588643372278275,,
DTLZ1,4,3,100,[0.         0.         0.59043015 0.88564523],0.6399878220434327,0.6464681358514629,,
DTLZ1,4,4,100,[0.         0.         0.         0.52971408],0.5588071525558053,0.5587563294049849,,
DTLZ1,4,5,100,[0.         0.         0.17703109 0.26554663],0.6463864576647731,0.6409763384364757,,
DTLZ1,4,6,100,[0.         0.         0.17703109 0.26554663],0.6423955433289612,0.6423144777674922,,
DTLZ1,4,7,100,[0.         0.         0.16871712 0.25307568],0.6455287047093374,0.6386287194230056,,
DTLZ2,4,1,100,[3.52288059e-17 9.12114556e-01 3.04038185e-01 3.04038185e-01],0.06297755536348669,0.021958993231121837,,
DTLZ2,4,2,100,[0.3031383 0.        0.3031383 0.9094149],0.25377911701837447,0.0505151680110318,,
DTLZ2,4,3,100,[2.65456219e-19 3.02100322e-01 3.02100322e-01 9.06300966e-01],0.25377911701837447,0.053384622256758454,,
DTLZ2,4,4,100,[6.15612812e-20 5.55723709e-01 8.33585564e-01 0.00000000e+00],0.3333267139306052,0.016867393001824826,,
DTLZ2,4,5,100,[2.51457337e-33 9.05395918e-01 3.01798639e-01 3.01798639e-01],0.06311281042254302,0.05330499546842814,,
DTLZ2,4,6,100,[2.51457337e-33 9.04728116e-01 3.01576039e-01 3.01576039e-01],0.06405625612152271,0.05206588953180409,,
DTLZ2,4,7,100,[2.51457337e-33 9.04637172e-01 3.01545724e-01 3.01545724e-01],0.06433985384376391,0.05412189674949456,,
DTLZ3,4,1,100,[ 5.89548801  5.89548801 11.79097602  5.89548801],0.3034433508544955,0.5094958446748974,,
DTLZ3,4,2,100,[5.31404763e-48 0.00000000e+00 1.26626054e+00 1.89939081e+00],0.033001749363667815,0.01968187761218422,,
DTLZ3,4,3,100,[5.31404763e-48 0.00000000e+00 2.46803040e-01 9.87212159e-01],0.08922677597094412,0.06147794502944154,,
DTLZ3,4,4,100,[5.31404763e-48 1.02541219e+00 0.00000000e+00 0.00000000e+00],0.009723557283007217,0.00257491880349704,,
DTLZ3,4,5,100,[5.31404763e-48 0.00000000e+00 5.59987819e-01 8.39981728e-01],0.3333267139306052,0.018847397508737703,,
DTLZ3,4,6,100,[5.31404763e-48 0.00000000e+00 5.59017273e-01 8.38525910e-01],0.3333267139306052,0.018251797208856634,,
DTLZ3,4,7,100,[5.31404763e-48 0.00000000e+00 5.58034816e-01 8.37052223e-01],0.3333267139306052,0.04549147515722598,,
DTLZ4,4,1,100,[3.30817377e-17 1.00511116e+00 0.00000000e+00 0.00000000e+00],0.055482413876029806,0.002944773950019367,,
DTLZ4,4,2,100,[0.31280505 0.93841516 0.31280505 0.        ],0.06407590505341322,0.0583787118025168,,
DTLZ4,4,3,100,[0.67051672 0.67051672 0.33525836 0.        ],0.035489417543461126,0.0387518420696604,,
DTLZ4,4,4,100,[0.55857599 0.83786398 0.         0.        ],0.03142879518463849,0.016463207402200263,,
DTLZ4,4,5,100,[0.66686484 0.66686484 0.33343242 0.        ],0.035969517053342066,0.03796504154711792,,
DTLZ4,4,6,100,[0.66681701 0.66681701 0.3334085  0.        ],0.03708647005504678,0.03780163023412687,,
DTLZ4,4,7,100,[0.66674313 0.66674313 0.33337156 0.        ],0.037141510845762386,0.03732285032305309,,
DTLZ1,5,1,100,[ 0.          0.          0.          0.         16.11938831],0.5635771765745026,0.5646559405014193,,
DTLZ1,5,2,100,[0.         0.         0.         1.3622953  0.90819687],0.7654662134456649,0.8574143704628107,,
DTLZ1,5,3,100,[0.         0.         0.         0.         1.56600315],0.5633102688448453,0.5634700841364617,,
DTLZ1,5,4,100,[0.        0.        0.        0.3979126 0.5968689],0.6429413583799696,0.6467784759218927,,
DTLZ1,5,5,100,[0.09450951 0.         0.         0.         0.37803806],0.5863061587481687,0.5814162103253936,,
DTLZ1,5,6,100,[0.08279129 0.         0.         0.         0.33116517],0.5826636753121961,0.5780638687200635,,
DTLZ1,5,7,100,[0.07994859 0.         0.         0.         0.31979435],0.5791709689370051,0.573161124953465,,
DTLZ2,5,1,100,"[3.41174209e-17 3.47881958e-17 9.86235025e-01 2.46558756e-01
 0.00000000e+00]",0.07851134226252307,0.08697620336452419,,
DTLZ2,5,2,100,"[3.64588839e-33 9.72486010e-01 0.00000000e+00 2.43121503e-01
 0.00000000e+00]",0.07862142774788111,0.08879096413767534,,
DTLZ2,5,3,100,"[3.64588839e-33 9.93319842e-01 2.48329960e-01 0.00000000e+00
 0.00000000e+00]",0.07901028627059473,0.08700533597779259,,
DTLZ2,5,4,100,[0.98938511 0.         0.24734628 0.         0.        ],0.07955542252102578,0.08527135327306201,,
DTLZ2,5,5,100,"[9.06554082e-34 9.70851635e-01 2.42712909e-01 0.00000000e+00
 0.00000000e+00]",0.08411928403852652,0.08708918678449602,,
DTLZ2,5,6,100,"[9.06554082e-34 9.70484115e-01 2.42621029e-01 0.00000000e+00
 0.00000000e+00]",0.08277838614300222,0.08689412703513458,,
DTLZ2,5,7,100,"[9.06554082e-34 9.70430572e-01 2.42607643e-01 0.00000000e+00
 0.00000000e+00]",0.08182174108605625,0.08603059798838983,,
DTLZ3,5,1,100,[ 6.99752773  6.99752773  0.          0.         20.9925832 ],0.031065776276280644,0.2594321884019967,,
DTLZ3,5,2,100,"[3.18312398e-63 0.00000000e+00 1.35043164e+00 5.40172656e+00
 0.00000000e+00]",0.08298545680213396,0.15844459536922817,,
DTLZ3,5,3,100,"[3.18312398e-63 2.08702215e+00 0.00000000e+00 0.00000000e+00
 5.21755538e-01]",0.0873906453061484,0.07410871944788736,,
DTLZ3,5,4,100,"[3.18312398e-63 0.00000000e+00 1.05352324e+00 0.00000000e+00
 2.63380809e-01]",0.08008857851848344,0.0876517473945147,,
DTLZ3,5,5,100,"[3.18312398e-63 0.00000000e+00 0.00000000e+00 0.00000000e+00
 1.01390677e+00]",0.04478680161033718,0.022032201142004094,,
DTLZ3,5,6,100,"[3.18312398e-63 0.00000000e+00 0.00000000e+00 0.00000000e+00
 1.00433378e+00]",0.044909288059472335,0.005168076607286006,,
DTLZ3,5,7,100,"[3.18312398e-63 0.00000000e+00 0.00000000e+00 0.00000000e+00
 1.00409699e+00]",0.0444170666727377,0.005370586343175578,,
DTLZ4,5,1,100,"[3.54334565e-17 0.00000000e+00 3.56125575e-01 7.12251150e-01
 7.12251150e-01]",0.03137857137179171,0.032604710272391,,
DTLZ4,5,2,100,"[1.09110734e-33 3.35440647e-01 0.00000000e+00 6.70881294e-01
 6.70881294e-01]",0.0390127884418993,0.03255714538287382,,
DTLZ4,5,3,100,"[1.09110734e-33 6.71311600e-01 3.35655800e-01 0.00000000e+00
 6.71311600e-01]",0.041227939499443964,0.022683987520538625,,
DTLZ4,5,4,100,"[1.09110734e-33 3.35367858e-01 6.70735716e-01 0.00000000e+00
 6.70735716e-01]",0.03761914370665144,0.03093508396096691,,
DTLZ4,5,5,100,"[1.09110734e-33 3.34113123e-01 0.00000000e+00 6.68226245e-01
 6.68226245e-01]",0.04139606708546511,0.03472101373647824,,
DTLZ4,5,6,100,"[2.31553530e-49 3.33641115e-01 0.00000000e+00 6.67282231e-01
 6.67282231e-01]",0.029998299367181396,0.03785361309146553,,
DTLZ4,5,7,100,"[2.31553530e-49 3.33514395e-01 0.00000000e+00 6.67028789e-01
 6.67028789e-01]",0.03759107481960442,0.04076192030276728,,
DTLZ1,6,1,100,[ 0.          0.          0.          0.          0.         60.10747256],0.5859589008368614,0.5697896107198643,,
DTLZ1,6,2,100,[ 0.          0.          0.          0.         15.24886264  0.        ],0.5752014676891017,0.5693998313607975,,
DTLZ1,6,3,100,[0.         0.         0.         6.20274745 0.         4.13516497],0.8126308528894846,0.8753172320820287,,
DTLZ1,6,4,100,[0.         0.         0.         0.         0.         2.24019379],0.5666902368012647,0.5703181265405282,,
DTLZ1,6,5,100,[0.         0.         0.         0.24307135 0.         0.16204757],0.8569156258612284,0.8535913065789493,,
DTLZ1,6,6,100,[0.         0.         0.         0.23823117 0.         0.15882078],0.8334977511045643,0.8540734385029015,,
DTLZ1,6,7,100,[0.         0.         0.         0.23379588 0.         0.15586392],0.8318630569198755,0.9565243058108968,,
DTLZ2,6,1,100,"[2.15485184e-17 3.66131002e-17 2.47409471e-17 9.85243044e-01
 2.46310761e-01 0.00000000e+00]",0.13842991495507223,0.1488504567546455,,
DTLZ2,6,2,100,"[5.62365950e-34 0.00000000e+00 9.78538018e-01 0.00000000e+00
 2.44634504e-01 0.00000000e+00]",0.14022189280412048,0.15115592130620867,,
DTLZ2,6,3,100,"[5.62365950e-34 2.48484761e-01 9.93939045e-01 0.00000000e+00
 0.00000000e+00 0.00000000e+00]",0.13917706413712946,0.14759380252600127,,
DTLZ2,6,4,100,"[5.62365950e-34 9.80791660e-01 0.00000000e+00 0.00000000e+00
 2.45197915e-01 0.00000000e+00]",0.14131049718576644,0.09648434967909698,,
DTLZ2,6,5,100,"[5.62365950e-34 0.00000000e+00 9.72065222e-01 0.00000000e+00
 2.43016305e-01 0.00000000e+00]",0.14098911377727963,0.09316772732402737,,
DTLZ2,6,6,100,"[5.62365950e-34 0.00000000e+00 9.70996574e-01 0.00000000e+00
 2.42749143e-01 0.00000000e+00]",0.13834031442774114,0.09734838780073357,,
DTLZ2,6,7,100,"[5.62365950e-34 0.00000000e+00 9.70691923e-01 0.00000000e+00
 2.42672981e-01 0.00000000e+00]",0.14094357978981117,0.1454889015564696,,
DTLZ3,6,1,100,"[1.01919402e-30 0.00000000e+00 0.00000000e+00 0.00000000e+00
 1.11209642e+02 2.78024106e+01]",0.12196046363310056,0.09106840520346962,,
DTLZ3,6,2,100,"[4.56426832e-50 0.00000000e+00 0.00000000e+00 3.70885838e+00
 1.48354335e+01 0.00000000e+00]",0.08521855027468449,0.1503229783935718,,
DTLZ3,6,3,100,"[4.56426832e-50 0.00000000e+00 0.00000000e+00 1.02614397e+01
 3.42047989e+00 3.42047989e+00]",0.09059260522453288,0.02926975028953375,,
DTLZ3,6,4,100,"[4.56426832e-50 0.00000000e+00 3.38986670e+00 1.01696001e+01
 3.38986670e+00 0.00000000e+00]",0.08497890791953423,0.25828951857890264,,
DTLZ3,6,5,100,"[4.56426832e-50 0.00000000e+00 0.00000000e+00 9.48267646e-01
 3.16089215e-01 3.16089215e-01]",0.08635658699407259,0.21908899188474218,,
DTLZ3,6,6,100,"[4.56426832e-50 0.00000000e+00 0.00000000e+00 9.12548392e-01
 3.04182797e-01 3.04182797e-01]",0.08601163473987855,0.28745667789268486,,
DTLZ3,6,7,100,"[4.56426832e-50 0.00000000e+00 0.00000000e+00 9.08708465e-01
 3.02902822e-01 3.02902822e-01]",0.09078719862284464,0.1555884956754808,,
DTLZ4,6,1,100,"[3.90651566e-001 3.90651566e-001 0.00000000e+000 1.75359136e-121
 3.90651566e-001 7.81303132e-001]",0.40111885962637794,0.38578455313036436,,
DTLZ4,6,2,100,[0.68406684 0.34203342 0.         0.         0.68406684 0.        ],0.08325057202293545,0.07631525987967945,,
DTLZ4,6,3,100,[0.30414116 0.30414116 0.         0.         0.91242349 0.        ],0.08494344608797084,0.09216278639821812,,
DTLZ4,6,4,100,"[1.31214681e-49 1.91321807e-49 3.06417159e-01 0.00000000e+00
 9.19251476e-01 3.06417159e-01]",0.08995330719189736,0.11751072883818829,,
DTLZ4,6,5,100,[0.66784786 0.33392393 0.         0.         0.66784786 0.        ],0.07985374900811233,0.07499658062482838,,
DTLZ4,6,6,100,[0.66696666 0.33348333 0.         0.         0.66696666 0.        ],0.08450283746493474,0.07717361225273126,,
DTLZ4,6,7,100,[0.66695914 0.33347957 0.         0.         0.66695914 0.        ],0.07960963983534648,0.07890975988268895,,
DTLZ1,7,1,100,"[ 0.          0.          0.          0.          0.          0.
 23.96976807]",0.8106604798284325,0.5736231642917575,,
DTLZ1,7,2,100,"[0.         0.         0.         0.         0.         7.25781992
 0.        ]",0.6561483924028494,0.5733275248474905,,
DTLZ1,7,3,100,"[0.         0.         0.         0.         0.         0.
 3.87294746]",0.5790601943379652,0.5743541899056501,,
DTLZ1,7,4,100,"[0.         0.         0.         0.         1.0320762  1.0320762
 3.09622861]",0.6914223878586823,0.712411572514462,,
DTLZ1,7,5,100,"[0.         0.         0.         0.         0.         0.
 1.70884679]",0.5836595487845602,0.5708964524863774,,
DTLZ1,7,6,100,"[0.         0.         0.         0.         0.         0.
 0.73618588]",0.5715165616103307,0.6092477586924124,,
DTLZ1,7,7,100,"[0.         0.         0.         0.         0.         0.
 0.39780147]",0.5696107616261552,0.5717455029100819,,
DTLZ2,7,1,100,"[1.83518861e-33 1.94987837e-33 7.99841285e-34 2.64373948e-33
 3.92084007e-17 1.61032629e-18 1.02635543e+00]",0.04142834795140369,0.031923953471216855,,
DTLZ2,7,2,100,"[6.38053738e-36 0.00000000e+00 9.99726543e-01 2.49931636e-01
 0.00000000e+00 0.00000000e+00 0.00000000e+00]",0.14871075070783504,0.15518609794132687,,
DTLZ2,7,3,100,"[6.38053738e-36 0.00000000e+00 2.44071807e-01 0.00000000e+00
 9.76287226e-01 0.00000000e+00 0.00000000e+00]",0.1443925720905693,0.15283038577141422,,
DTLZ2,7,4,100,"[6.38053738e-36 2.45140256e-01 0.00000000e+00 0.00000000e+00
 9.80561022e-01 0.00000000e+00 0.00000000e+00]",0.14390874753680336,0.18072592872364313,,
DTLZ2,7,5,100,"[0.45121438 0.45121438 0.         0.45121438 0.45121438 0.
 0.45121438]",1.2201640469843478,0.4059920517749813,,
DTLZ2,7,6,100,"[0.45020427 0.45020427 0.         0.45020427 0.45020427 0.
 0.45020427]",0.4029611047636873,0.4769598507330603,,
DTLZ2,7,7,100,[0.4473838 0.4473838 0.        0.4473838 0.4473838 0.        0.4473838],0.49488782169583073,0.47934194301547295,,
DTLZ3,7,1,100,"[2.04236711e-31 0.00000000e+00 0.00000000e+00 0.00000000e+00
 7.04521428e+00 7.04521428e+00 2.11356428e+01]",0.03229305274167179,0.2490392528858141,,
DTLZ3,7,2,100,"[2.99121670e-34 0.00000000e+00 0.00000000e+00 0.00000000e+00
 2.03719885e+01 1.35813257e+01 0.00000000e+00]",0.04250724236399117,0.393095570045506,,
DTLZ3,7,3,100,"[7.56709371e-37 0.00000000e+00 0.00000000e+00 0.00000000e+00
 1.29881893e+00 5.19527571e+00 0.00000000e+00]",0.15307923814196062,0.07525443319507769,,
DTLZ3,7,4,100,"[7.56709371e-37 0.00000000e+00 0.00000000e+00 0.00000000e+00
 4.82770628e+00 1.60923543e+00 1.60923543e+00]",0.13300741916526504,0.06606614218771124,,
DTLZ3,7,5,100,"[9.22857088e-48 0.00000000e+00 0.00000000e+00 0.00000000e+00
 7.34311249e-01 2.93724499e+00 0.00000000e+00]",0.1379129777300359,0.1447398126354775,,
DTLZ3,7,6,100,"[9.22857088e-48 0.00000000e+00 0.00000000e+00 0.00000000e+00
 2.44823180e-01 9.79292722e-01 0.00000000e+00]",0.14488664736634793,0.1583681079091768,,
DTLZ3,7,7,100,"[1.03292427e-48 0.00000000e+00 0.00000000e+00 0.00000000e+00
 2.44445271e-01 9.77781083e-01 0.00000000e+00]",0.14256894710895415,0.13215564059407567,,
DTLZ4,7,1,100,"[3.42307942e-019 5.98787714e-062 9.18958432e-019 1.98039640e-130
 1.70424736e-073 1.01876708e+000 2.60849384e-112]",0.04341604559757972,0.029592038541201057,,
DTLZ4,7,2,100,"[2.32020162e-049 1.29039076e-073 1.77452686e-039 1.98039640e-130
 1.00361551e+000 2.50903878e-001 2.60849384e-112]",0.1449503195415793,0.15869042889399512,,
DTLZ4,7,3,100,"[4.37115411e-52 1.08082301e-96 3.27337229e-41 3.34660062e-01
 1.05998657e-97 6.69320125e-01 6.69320125e-01]",0.1565663669808878,0.11326419851146786,,
DTLZ4,7,4,100,"[4.37115411e-052 1.60945500e-104 3.27337229e-041 7.61512474e-001
 3.80756237e-001 3.80756237e-001 3.80756237e-001]",0.43070157391298136,0.3227348578291686,,
DTLZ4,7,5,100,"[4.37115411e-052 1.33115243e-107 3.27337229e-041 3.33493325e-001
 4.72555757e-134 6.66986650e-001 6.66986650e-001]",0.1660789084306408,0.09326094356559723,,
DTLZ4,7,6,100,"[4.37115411e-052 1.33115243e-107 3.27337229e-041 3.33395806e-001
 4.72555757e-134 6.66791612e-001 6.66791612e-001]",0.16653837348174527,0.10069221284482595,,
DTLZ4,7,7,100,"[4.37115411e-052 1.33115243e-107 3.27337229e-041 3.33395806e-001
 3.03231265e-182 6.66791612e-001 6.66791612e-001]",0.1614031250374322,0.10241497721936882,,
DTLZ1,8,1,100,"[ 0.          0.          0.          0.          0.          0.
  0.         43.13008888]",0.5925861398148085,0.5746646769404994,,
DTLZ1,8,2,100,"[ 0.          0.          0.          0.          0.          0.
 14.41221046 21.61831569]",0.6891722714469186,0.9337412699579191,,
DTLZ1,8,3,100,"[ 0.          0.          0.          0.          0.          0.
 23.32742815  0.        ]",0.5701248631833541,0.5760614275998299,,
DTLZ1,8,4,100,"[0.         0.         0.         0.         0.         0.5989031
 0.5989031  1.79670931]",0.6663945800935415,0.8163550252852345,,
DTLZ1,8,5,100,"[0.         0.         0.         0.         0.         0.
 0.18459118 0.27688678]",0.7092507378956352,0.9565755101469118,,
DTLZ1,8,6,100,"[0.         0.         0.         0.         0.         0.
 0.1528619  0.22929285]",0.6666737489784563,0.8916133776646993,,
DTLZ1,8,7,100,"[0.         0.         0.         0.         0.         0.
 0.1528619  0.22929285]",0.6689633645973212,0.8621175814078718,,
DTLZ2,8,1,100,"[1.85058817e-17 9.75670793e-18 9.64298685e-18 0.00000000e+00
 0.00000000e+00 1.61391154e-18 1.07555539e+00 0.00000000e+00]",0.0274363744977801,0.03169781224953853,,
DTLZ2,8,2,100,"[2.63381790e-36 0.00000000e+00 0.00000000e+00 0.00000000e+00
 0.00000000e+00 1.00368453e+00 0.00000000e+00 2.50921132e-01]",0.14707748584068872,0.1513721766615676,,
DTLZ2,8,3,100,"[1.38965627e-65 0.00000000e+00 0.00000000e+00 7.11191402e-01
 0.00000000e+00 0.00000000e+00 3.55595701e-01 7.11191402e-01]",0.9567953361787805,0.11520939584061196,,
DTLZ2,8,4,100,"[1.38965627e-65 0.00000000e+00 0.00000000e+00 3.83137964e-01
 0.00000000e+00 3.83137964e-01 3.83137964e-01 7.66275928e-01]",0.8661953499183536,0.33508071839926185,,
DTLZ2,8,5,100,"[1.38965627e-65 0.00000000e+00 0.00000000e+00 6.69267495e-01
 0.00000000e+00 0.00000000e+00 3.34633748e-01 6.69267495e-01]",0.9567953600115866,0.09160275895333161,,
DTLZ2,8,6,100,"[1.38965627e-65 0.00000000e+00 0.00000000e+00 6.69087842e-01
 0.00000000e+00 0.00000000e+00 3.34543921e-01 6.69087842e-01]",0.9567953600115864,0.10620435455679306,,
DTLZ2,8,7,100,"[1.38965627e-65 0.00000000e+00 0.00000000e+00 6.69087842e-01
 0.00000000e+00 0.00000000e+00 3.34543921e-01 6.69087842e-01]",0.9567953600115864,0.10011637150551284,,
DTLZ3,8,1,100,"[3.52795652e-32 0.00000000e+00 0.00000000e+00 0.00000000e+00
 0.00000000e+00 0.00000000e+00 7.38207434e+01 1.84551859e+01]",0.1325552348923679,0.08308771461967525,,
DTLZ3,8,2,100,"[2.64820038e-48 0.00000000e+00 0.00000000e+00 0.00000000e+00
 2.96740621e+00 9.89135404e-01 0.00000000e+00 9.89135404e-01]",0.1462974419919917,0.03342790026555688,,
DTLZ3,8,3,100,"[2.64820038e-48 0.00000000e+00 0.00000000e+00 0.00000000e+00
 0.00000000e+00 1.02567437e+00 3.07702310e+00 1.02567437e+00]",0.10371138872765229,0.23095002425261665,,
DTLZ3,8,4,100,"[9.62554778e-49 0.00000000e+00 0.00000000e+00 0.00000000e+00
 0.00000000e+00 1.01533315e+00 0.00000000e+00 2.53833288e-01]",0.14784855623266724,0.10330031767608978,,
DTLZ3,8,5,100,"[9.62554778e-49 0.00000000e+00 0.00000000e+00 0.00000000e+00
 9.39120420e-01 3.13040140e-01 0.00000000e+00 3.13040140e-01]",0.12110038418938533,0.1146458574413536,,
DTLZ3,8,6,100,"[9.62554778e-49 0.00000000e+00 0.00000000e+00 0.00000000e+00
 9.10050804e-01 3.03350268e-01 0.00000000e+00 3.03350268e-01]",0.11646356295580335,0.06718600908579665,,
DTLZ3,8,7,100,"[9.62554778e-49 0.00000000e+00 0.00000000e+00 0.00000000e+00
 9.07995383e-01 3.02665128e-01 0.00000000e+00 3.02665128e-01]",0.15571657411828696,0.0947058366657947,,
DTLZ4,8,1,100,"[4.15088104e-033 6.64953306e-084 7.37768794e-158 4.88927190e-103
 1.45332119e-166 1.01002447e+000 3.15676270e-052 4.83043912e-068]",0.025312461228336587,0.029970788192933022,,
DTLZ4,8,2,100,"[2.30837199e-049 7.81148869e-001 8.49827201e-280 3.90574434e-001
 3.90574434e-001 1.67162963e-076 6.52577198e-098 3.90574434e-001]",0.41028454705639594,0.40727795176669956,,
DTLZ4,8,3,100,"[2.30837199e-049 7.90775039e-001 3.95387520e-001 4.88927190e-103
 3.95387520e-001 1.11428978e-122 3.95387520e-001 1.30948281e-134]",0.41968952729555764,0.408930858083824,,
DTLZ4,8,4,100,"[8.26193171e-001 6.64953306e-084 4.13096586e-001 4.13096586e-001
 0.00000000e+000 2.53572904e-240 4.13096586e-001 0.00000000e+000]",0.4390623271732291,0.4153292026330272,,
DTLZ4,8,5,100,"[2.30837199e-049 7.57791270e-001 0.00000000e+000 3.78895635e-001
 3.78895635e-001 2.53572904e-240 0.00000000e+000 3.78895635e-001]",0.35521268877063844,0.4082759618886043,,
DTLZ4,8,6,100,"[2.29931745e-049 7.56210755e-001 0.00000000e+000 3.78105378e-001
 3.78105378e-001 2.53572904e-240 0.00000000e+000 3.78105378e-001]",0.3587506190309166,0.33707825003093256,,
DTLZ4,8,7,100,"[1.89651109e-051 7.56087062e-001 0.00000000e+000 3.78043531e-001
 3.78043531e-001 2.53572904e-240 0.00000000e+000 3.78043531e-001]",0.43197980143232606,0.4186466018402757,,
DTLZ1,9,1,100,"[ 0.          0.          0.          0.          0.          0.
  0.          0.         69.36680626]",0.6346537983913936,0.5755246390809604,,
DTLZ1,9,2,100,"[ 0.          0.          0.          0.          0.          0.
  0.          7.22353919 10.83530878]",0.7099869741850243,0.8710068821456982,,
DTLZ1,9,3,100,"[0.         0.         0.         0.         0.         0.
 0.         0.172719   0.69087599]",0.6362745434549972,0.6362721802149139,,
DTLZ1,9,4,100,"[0.         0.         0.         0.         0.         0.
 2.63150996 0.         0.        ]",0.5770389334776467,0.5736601905124666,,
DTLZ1,9,5,100,"[0.        0.        0.        0.        0.        0.        0.
 0.1660272 0.2490408]",0.6961926089238071,0.8480739576568143,,
DTLZ1,9,6,100,"[0.         0.         0.         0.         0.         0.
 0.         0.14623025 0.21934538]",0.6850447865324163,0.6998660678185377,,
DTLZ1,9,7,100,"[0.         0.         0.         0.         0.         0.
 0.         0.14623025 0.21934538]",0.6658499592162875,0.6782665599548237,,
DTLZ2,9,1,100,"[3.45813444e-19 2.29300960e-19 9.53164073e-19 4.18958589e-19
 3.00255697e-17 0.00000000e+00 2.95791894e-17 1.09700414e+00
 0.00000000e+00]",0.04194701563789886,0.04012814012614966,,
DTLZ2,9,2,100,"[2.86924653e-37 0.00000000e+00 0.00000000e+00 0.00000000e+00
 0.00000000e+00 3.06894320e-01 3.06894320e-01 0.00000000e+00
 9.20682960e-01]",0.16150253090862354,0.11995687051012817,,
DTLZ2,9,3,100,"[2.86924653e-37 0.00000000e+00 0.00000000e+00 0.00000000e+00
 0.00000000e+00 3.44622238e-01 6.89244476e-01 0.00000000e+00
 6.89244476e-01]",0.1646614683854196,0.10529881600308182,,
DTLZ2,9,4,100,"[6.79440185e-50 0.00000000e+00 0.00000000e+00 0.00000000e+00
 0.00000000e+00 5.74282318e-01 0.00000000e+00 0.00000000e+00
 8.61423477e-01]",0.04945491975853879,0.04597773403803331,,
DTLZ2,9,5,100,"[2.27909268e-66 0.00000000e+00 0.00000000e+00 0.00000000e+00
 0.00000000e+00 3.33594498e-01 6.67188995e-01 0.00000000e+00
 6.67188995e-01]",0.1954286237369682,0.11822139076366343,,
DTLZ2,9,6,100,"[2.27909268e-66 0.00000000e+00 0.00000000e+00 0.00000000e+00
 0.00000000e+00 3.33428389e-01 6.66856779e-01 0.00000000e+00
 6.66856779e-01]",0.17607008281588382,0.10724663225885149,,
DTLZ2,9,7,100,"[2.27909268e-66 0.00000000e+00 0.00000000e+00 0.00000000e+00
 0.00000000e+00 3.33416895e-01 6.66833790e-01 0.00000000e+00
 6.66833790e-01]",0.17607008281588382,0.1288589637319737,,
DTLZ3,9,1,100,"[1.05597961e-32 0.00000000e+00 0.00000000e+00 0.00000000e+00
 0.00000000e+00 0.00000000e+00 0.00000000e+00 1.20133412e+02
 3.00333530e+01]",0.10088407810124889,0.1035650674829032,,
DTLZ3,9,2,100,"[4.83840103e-47 0.00000000e+00 0.00000000e+00 0.00000000e+00
 0.00000000e+00 0.00000000e+00 6.34810347e+01 4.23206898e+01
 0.00000000e+00]",0.15024182491269925,0.22927364396155303,,
DTLZ3,9,3,100,"[4.83840103e-47 0.00000000e+00 0.00000000e+00 0.00000000e+00
 0.00000000e+00 1.27246097e+00 0.00000000e+00 3.81738291e+00
 1.27246097e+00]",0.08561275067494474,0.28144460449141595,,
DTLZ3,9,4,100,"[4.83840103e-47 0.00000000e+00 0.00000000e+00 0.00000000e+00
 0.00000000e+00 3.88576474e-01 3.88576474e-01 7.77152947e-01
 3.88576474e-01]",0.4216072250921747,0.8999250322175962,,
DTLZ3,9,5,100,"[4.83840103e-47 0.00000000e+00 0.00000000e+00 0.00000000e+00
 0.00000000e+00 3.06359418e-01 0.00000000e+00 9.19078253e-01
 3.06359418e-01]",0.1589446402709434,0.3316211600769894,,
DTLZ3,9,6,100,"[4.83840103e-47 0.00000000e+00 0.00000000e+00 0.00000000e+00
 0.00000000e+00 3.02946761e-01 0.00000000e+00 9.08840284e-01
 3.02946761e-01]",0.16093573581297144,0.3316211600769894,,
DTLZ3,9,7,100,"[6.94332109e-50 0.00000000e+00 0.00000000e+00 0.00000000e+00
 0.00000000e+00 3.02757960e-01 0.00000000e+00 9.08273879e-01
 3.02757960e-01]",0.1308101975857854,0.2831675805997326,,
DTLZ4,9,1,100,"[1.77627762e-049 5.24838927e-120 4.08681491e-060 0.00000000e+000
 6.98637247e-165 7.96199549e-001 3.98099774e-001 3.98099774e-001
 3.98099774e-001]",0.40939085560550453,0.41553128038447174,,
DTLZ4,9,2,100,"[1.77627762e-049 5.06446109e-139 5.42991673e-062 9.84214165e-001
 0.00000000e+000 2.46053541e-001 3.63672572e-096 0.00000000e+000
 0.00000000e+000]",0.150229521803263,0.16007938590977908,,
DTLZ4,9,3,100,"[1.42831270e-065 5.06446109e-139 3.89843635e-001 0.00000000e+000
 0.00000000e+000 3.89843635e-001 5.16364485e-136 3.89843635e-001
 7.79687269e-001]",0.4017791448208752,0.34221556525540603,,
DTLZ4,9,4,100,"[1.42831270e-065 5.06446109e-139 8.43299290e-067 0.00000000e+000
 0.00000000e+000 9.11975751e-104 9.95839967e-001 2.48959992e-001
 0.00000000e+000]",0.14918290527449915,0.13350133642743683,,
DTLZ4,9,5,100,"[1.42831270e-065 5.06446109e-139 1.86778482e-147 0.00000000e+000
 0.00000000e+000 7.59441708e-001 3.79720854e-001 3.79720854e-001
 3.79720854e-001]",0.4270772598965669,0.32170023462456476,,
DTLZ4,9,6,100,"[1.42831270e-065 5.06446109e-139 0.00000000e+000 0.00000000e+000
 0.00000000e+000 7.56292405e-001 3.78146203e-001 3.78146203e-001
 3.78146203e-001]",0.4271813268093834,0.3548734633967969,,
DTLZ4,9,7,100,"[1.42831270e-065 5.06446109e-139 0.00000000e+000 0.00000000e+000
 0.00000000e+000 7.56292405e-001 3.78146203e-001 3.78146203e-001
 3.78146203e-001]",0.3524950450985396,0.32969875450571695,,
